lake,station,date,month,year,n_points,n_complete,z_max_m,peak_dTdz_Cm,T_surface_C,T_bottom_C,DO_surface_mgL,DO_bottom_mgL,DO_min_mgL,file
Allatoona,LK_14_4494,2000-04-27,4,2000,28,28,35.00,0.35,16.29,10.57,10.11,5.38,5.38,Allatoona/allatoona_forebay_2000-04-27.png
Allatoona,LK_14_4494,2000-05-31,5,2000,31,31,39.00,3.83,25.59,11.27,9.31,0.75,0.75,Allatoona/allatoona_forebay_2000-05-31.png
Allatoona,LK_14_4494,2000-06-22,6,2000,28,28,38.70,1.77,28.79,12.45,8.27,0.14,0.14,Allatoona/allatoona_forebay_2000-06-22.png
Allatoona,LK_14_4494,2000-07-13,7,2000,27,27,38.70,1.76,29.90,13.55,7.78,0.15,0.00,Allatoona/allatoona_forebay_2000-07-13.png
Allatoona,LK_14_4494,2000-08-23,8,2000,27,27,37.60,1.44,28.50,14.93,7.29,0.06,0.06,Allatoona/allatoona_forebay_2000-08-23.png
Allatoona,LK_14_4494,2000-09-20,9,2000,27,27,34.90,0.62,25.46,16.91,5.92,0.36,0.08,Allatoona/allatoona_forebay_2000-09-20.png
Allatoona,LK_14_4494,2000-10-17,10,2000,28,28,35.00,0.49,20.86,17.78,6.70,0.44,0.44,Allatoona/allatoona_forebay_2000-10-17.png
Allatoona,LK_14_4494,2001-04-26,4,2001,27,27,40.00,1.48,18.20,10.45,9.68,5.75,5.75,Allatoona/allatoona_forebay_2001-04-26.png
Allatoona,LK_14_4494,2005-04-19,4,2005,27,27,35.00,1.14,20.55,11.86,11.34,7.25,7.25,Allatoona/allatoona_forebay_2005-04-19.png
Allatoona,LK_14_4494,2005-05-11,5,2005,28,28,39.80,2.58,24.11,12.88,10.22,0.59,0.59,Allatoona/allatoona_forebay_2005-05-11.png
Allatoona,LK_14_4494,2005-06-15,6,2005,28,28,38.70,1.22,28.46,15.68,8.87,0.92,0.92,Allatoona/allatoona_forebay_2005-06-15.png
Allatoona,LK_14_4494,2005-07-20,7,2005,28,28,40.00,1.25,30.14,20.30,8.96,0.09,0.09,Allatoona/allatoona_forebay_2005-07-20.png
Allatoona,LK_14_4494,2005-08-17,8,2005,28,28,38.90,0.93,31.08,22.43,8.33,0.16,0.16,Allatoona/allatoona_forebay_2005-08-17.png
Allatoona,LK_14_4494,2005-09-14,9,2005,28,28,39.40,0.57,27.52,22.40,7.01,0.06,0.05,Allatoona/allatoona_forebay_2005-09-14.png
Allatoona,LK_14_4494,2005-10-12,10,2005,27,27,35.00,0.18,25.02,23.48,4.64,0.26,0.26,Allatoona/allatoona_forebay_2005-10-12.png
Allatoona,LK_14_4494,2006-04-26,4,2006,27,27,35.00,1.92,22.28,9.42,9.47,5.62,5.62,Allatoona/allatoona_forebay_2006-04-26.png
Allatoona,LK_14_4494,2006-05-24,5,2006,28,28,39.50,1.55,25.01,10.22,9.23,1.54,1.54,Allatoona/allatoona_forebay_2006-05-24.png
Allatoona,LK_14_4494,2006-06-22,6,2006,28,28,38.40,1.80,30.24,11.51,8.91,0.57,0.46,Allatoona/allatoona_forebay_2006-06-22.png
Allatoona,LK_14_4494,2006-07-26,7,2006,27,27,35.00,1.28,30.23,14.05,8.26,0.25,0.25,Allatoona/allatoona_forebay_2006-07-26.png
Allatoona,LK_14_4494,2006-08-31,8,2006,26,26,30.10,0.92,29.48,18.33,7.44,0.29,0.28,Allatoona/allatoona_forebay_2006-08-31.png
Allatoona,LK_14_4494,2006-09-28,9,2006,27,27,34.90,0.59,24.97,17.25,5.16,0.24,0.24,Allatoona/allatoona_forebay_2006-09-28.png
Allatoona,LK_14_4494,2006-10-25,10,2006,27,27,35.00,0.21,19.77,17.80,5.57,1.36,1.36,Allatoona/allatoona_forebay_2006-10-25.png
Allatoona,LK_14_4494,2007-04-12,4,2007,28,28,39.00,1.11,14.51,7.16,9.55,4.04,4.04,Allatoona/allatoona_forebay_2007-04-12.png
Allatoona,LK_14_4494,2007-05-17,5,2007,28,28,37.70,2.13,23.89,8.02,9.10,4.17,4.17,Allatoona/allatoona_forebay_2007-05-17.png
Allatoona,LK_14_4494,2007-06-12,6,2007,28,28,37.80,2.15,28.82,8.45,8.10,3.56,3.06,Allatoona/allatoona_forebay_2007-06-12.png
Allatoona,LK_14_4494,2007-07-25,7,2007,27,27,35.00,1.97,29.00,9.70,8.08,0.28,0.16,Allatoona/allatoona_forebay_2007-07-25.png
Allatoona,LK_14_4494,2007-08-21,8,2007,29,29,36.00,1.24,31.60,10.81,7.69,0.03,0.03,Allatoona/allatoona_forebay_2007-08-21.png
Allatoona,LK_14_4494,2007-09-19,9,2007,27,27,35.00,0.80,27.34,18.73,5.83,0.21,0.20,Allatoona/allatoona_forebay_2007-09-19.png
Allatoona,LK_14_4494,2007-10-23,10,2007,27,27,33.10,0.46,22.79,18.32,4.36,0.08,0.08,Allatoona/allatoona_forebay_2007-10-23.png
Allatoona,LK_14_4494,2008-04-22,4,2008,28,28,38.40,1.63,18.89,8.73,9.97,0.60,0.60,Allatoona/allatoona_forebay_2008-04-22.png
Allatoona,LK_14_4494,2008-05-15,5,2008,28,28,38.40,1.96,20.53,9.59,9.53,0.37,0.37,Allatoona/allatoona_forebay_2008-05-15.png
Allatoona,LK_14_4494,2008-06-12,6,2008,28,28,36.70,2.87,29.17,10.63,8.00,0.18,0.18,Allatoona/allatoona_forebay_2008-06-12.png
Allatoona,LK_14_4494,2008-07-31,7,2008,28,28,38.90,1.27,29.30,11.71,8.29,0.15,0.15,Allatoona/allatoona_forebay_2008-07-31.png
Allatoona,LK_14_4494,2008-08-14,8,2008,28,28,39.00,2.09,26.43,11.96,7.05,0.06,0.06,Allatoona/allatoona_forebay_2008-08-14.png
Allatoona,LK_14_4494,2008-09-29,9,2008,28,28,38.60,0.77,24.47,13.59,6.14,0.15,0.15,Allatoona/allatoona_forebay_2008-09-29.png
Allatoona,LK_14_4494,2008-10-16,10,2008,28,28,37.40,0.96,22.92,13.86,6.59,0.20,0.20,Allatoona/allatoona_forebay_2008-10-16.png
Allatoona,LK_14_4494,2009-04-29,4,2009,28,28,37.60,2.70,22.77,10.05,9.94,1.30,1.30,Allatoona/allatoona_forebay_2009-04-29.png
Allatoona,LK_14_4494,2009-05-21,5,2009,27,27,31.80,4.18,21.76,13.27,8.47,0.51,0.51,Allatoona/allatoona_forebay_2009-05-21.png
Allatoona,LK_14_4494,2009-06-02,6,2009,28,28,37.20,2.16,26.65,13.39,8.68,0.35,0.35,Allatoona/allatoona_forebay_2009-06-02.png
Allatoona,LK_14_4494,2009-07-20,7,2009,29,29,40.40,2.04,27.37,13.17,7.69,0.05,0.05,Allatoona/allatoona_forebay_2009-07-20.png
Allatoona,LK_14_4494,2009-08-04,8,2009,28,28,39.40,1.40,28.43,13.85,8.10,0.06,0.06,Allatoona/allatoona_forebay_2009-08-04.png
Allatoona,LK_14_4494,2009-09-08,9,2009,28,28,39.40,0.95,26.62,14.23,7.16,0.24,0.22,Allatoona/allatoona_forebay_2009-09-08.png
Allatoona,LK_14_4494,2009-10-06,10,2009,28,28,37.30,1.55,22.00,17.61,5.22,0.26,0.26,Allatoona/allatoona_forebay_2009-10-06.png
Allatoona,LK_14_4494,2010-04-07,4,2010,28,28,39.00,4.12,19.89,7.01,10.18,3.39,3.39,Allatoona/allatoona_forebay_2010-04-07.png
Allatoona,LK_14_4494,2010-05-25,5,2010,28,28,39.80,3.55,25.17,10.87,8.94,2.07,2.07,Allatoona/allatoona_forebay_2010-05-25.png
Allatoona,LK_14_4494,2010-06-23,6,2010,27,27,32.30,1.73,30.83,16.06,7.99,0.24,0.24,Allatoona/allatoona_forebay_2010-06-23.png
Allatoona,LK_14_4494,2010-07-06,7,2010,28,28,40.00,2.16,29.68,13.16,8.14,0.18,0.16,Allatoona/allatoona_forebay_2010-07-06.png
Allatoona,LK_14_4494,2010-08-10,8,2010,28,28,39.70,1.45,31.94,15.08,7.58,0.16,0.14,Allatoona/allatoona_forebay_2010-08-10.png
Allatoona,LK_14_4494,2010-09-29,9,2010,28,28,38.00,0.53,26.53,17.37,3.88,0.05,0.05,Allatoona/allatoona_forebay_2010-09-29.png
Allatoona,LK_14_4494,2010-10-06,10,2010,28,28,37.90,0.84,24.13,17.50,3.02,0.08,0.08,Allatoona/allatoona_forebay_2010-10-06.png
Allatoona,LK_14_4494,2011-04-21,4,2011,28,28,40.00,0.97,19.48,10.24,9.77,4.61,4.61,Allatoona/allatoona_forebay_2011-04-21.png
Allatoona,LK_14_4494,2011-05-25,5,2011,28,28,38.20,2.09,25.96,13.17,9.28,0.42,0.42,Allatoona/allatoona_forebay_2011-05-25.png
Allatoona,LK_14_4494,2011-06-28,6,2011,28,28,38.40,2.19,28.94,14.03,9.20,0.06,0.06,Allatoona/allatoona_forebay_2011-06-28.png
Allatoona,LK_14_4494,2011-07-06,7,2011,28,28,39.60,1.64,29.77,14.05,8.63,0.07,0.06,Allatoona/allatoona_forebay_2011-07-06.png
Allatoona,LK_14_4494,2011-08-24,8,2011,27,27,38.20,1.20,29.67,15.91,7.26,0.05,0.05,Allatoona/allatoona_forebay_2011-08-24.png
Allatoona,LK_14_4494,2011-09-22,9,2011,28,28,37.20,0.46,24.98,19.49,5.81,0.04,0.04,Allatoona/allatoona_forebay_2011-09-22.png
Allatoona,LK_14_4494,2011-10-06,10,2011,27,27,35.00,0.12,23.11,22.13,4.08,0.06,0.06,Allatoona/allatoona_forebay_2011-10-06.png
Allatoona,LK_14_4494,2012-08-20,8,2012,28,28,37.00,0.97,28.31,14.56,6.37,0.05,0.04,Allatoona/allatoona_forebay_2012-08-20.png
Allatoona,LK_14_4494,2012-09-17,9,2012,27,27,35.00,0.73,26.47,15.86,4.86,0.06,0.04,Allatoona/allatoona_forebay_2012-09-17.png
Allatoona,LK_14_4494,2012-10-22,10,2012,28,28,37.40,0.61,21.20,15.80,5.00,0.04,0.04,Allatoona/allatoona_forebay_2012-10-22.png
Allatoona,LK_14_4494,2013-04-29,4,2013,28,28,40.40,1.96,19.05,9.80,9.66,4.87,4.87,Allatoona/allatoona_forebay_2013-04-29.png
Allatoona,LK_14_4494,2013-05-09,5,2013,29,29,41.80,1.13,19.57,10.30,9.95,3.85,3.85,Allatoona/allatoona_forebay_2013-05-09.png
Allatoona,LK_14_4494,2013-06-17,6,2013,23,23,23.20,2.87,27.86,16.19,8.95,1.96,1.96,Allatoona/allatoona_forebay_2013-06-17.png
Allatoona,LK_14_4494,2013-07-25,7,2013,29,29,38.40,0.86,28.22,18.19,8.34,0.06,0.06,Allatoona/allatoona_forebay_2013-07-25.png
Allatoona,LK_14_4494,2013-08-23,8,2013,28,28,38.50,0.64,27.70,22.07,9.03,1.01,0.03,Allatoona/allatoona_forebay_2013-08-23.png
Allatoona,LK_14_4494,2013-09-25,9,2013,27,27,34.90,0.56,25.12,22.25,6.88,0.07,0.07,Allatoona/allatoona_forebay_2013-09-25.png
Allatoona,LK_14_4494,2013-10-22,10,2013,27,27,34.40,0.08,22.00,21.10,4.61,1.56,1.56,Allatoona/allatoona_forebay_2013-10-22.png
Allatoona,LK_14_4494,2014-04-21,4,2014,28,28,39.60,0.75,16.51,10.74,10.25,5.12,5.12,Allatoona/allatoona_forebay_2014-04-21.png
Allatoona,LK_14_4494,2014-05-29,5,2014,28,28,40.00,2.30,26.63,13.71,8.65,1.03,1.03,Allatoona/allatoona_forebay_2014-05-29.png
Allatoona,LK_14_4494,2014-06-16,6,2014,28,28,40.10,1.39,28.25,14.78,8.62,0.10,0.10,Allatoona/allatoona_forebay_2014-06-16.png
Allatoona,LK_14_4494,2014-07-24,7,2014,28,28,39.30,1.64,28.63,18.17,9.25,0.00,0.00,Allatoona/allatoona_forebay_2014-07-24.png
Allatoona,LK_14_4494,2014-08-07,8,2014,27,27,32.90,0.81,28.43,20.54,9.29,0.00,0.00,Allatoona/allatoona_forebay_2014-08-07.png
Allatoona,LK_14_4494,2014-09-25,9,2014,28,28,38.20,0.44,26.18,23.64,5.72,0.01,0.00,Allatoona/allatoona_forebay_2014-09-25.png
Allatoona,LK_14_4494,2014-10-23,10,2014,28,28,37.80,0.10,21.71,20.93,5.86,0.00,0.00,Allatoona/allatoona_forebay_2014-10-23.png
Allatoona,LK_14_4494,2015-04-20,4,2015,28,28,39.10,2.31,19.51,7.67,10.37,6.80,6.80,Allatoona/allatoona_forebay_2015-04-20.png
Allatoona,LK_14_4494,2015-05-04,5,2015,28,28,40.00,1.94,23.11,10.22,10.51,4.92,4.92,Allatoona/allatoona_forebay_2015-05-04.png
Allatoona,LK_14_4494,2015-06-03,6,2015,28,28,40.00,1.34,26.10,15.30,9.09,0.00,0.00,Allatoona/allatoona_forebay_2015-06-03.png
Allatoona,LK_14_4494,2015-07-28,7,2015,28,28,37.70,1.45,31.10,19.89,8.22,0.00,0.00,Allatoona/allatoona_forebay_2015-07-28.png
Allatoona,LK_14_4494,2015-08-11,8,2015,28,28,37.60,1.09,30.26,20.20,7.66,0.00,0.00,Allatoona/allatoona_forebay_2015-08-11.png
Allatoona,LK_14_4494,2015-09-16,9,2015,28,28,38.50,0.38,26.20,22.79,5.38,0.00,0.00,Allatoona/allatoona_forebay_2015-09-16.png
Allatoona,LK_14_4494,2015-10-27,10,2015,26,26,30.10,0.28,20.68,19.59,6.10,4.79,4.79,Allatoona/allatoona_forebay_2015-10-27.png
Allatoona,LK_14_4494,2016-04-05,4,2016,28,28,39.10,0.82,16.30,10.34,9.78,5.55,5.55,Allatoona/allatoona_forebay_2016-04-05.png
Allatoona,LK_14_4494,2016-05-03,5,2016,28,28,39.10,2.62,24.08,13.34,9.36,2.12,2.12,Allatoona/allatoona_forebay_2016-05-03.png
Allatoona,LK_14_4494,2016-06-20,6,2016,28,28,37.30,3.07,27.82,15.95,9.18,1.69,1.69,Allatoona/allatoona_forebay_2016-06-20.png
Allatoona,LK_14_4494,2016-07-26,7,2016,28,28,39.00,1.59,31.32,16.59,8.12,0.00,0.00,Allatoona/allatoona_forebay_2016-07-26.png
Allatoona,LK_14_4494,2016-08-02,8,2016,27,27,39.50,1.83,30.61,16.52,7.91,0.00,0.00,Allatoona/allatoona_forebay_2016-08-02.png
Allatoona,LK_14_4494,2016-10-20,10,2016,28,28,38.50,0.16,24.20,22.50,6.90,1.40,1.40,Allatoona/allatoona_forebay_2016-10-20.png
Allatoona,LK_14_4494,2017-04-10,4,2017,28,28,39.20,1.09,17.12,10.93,9.62,5.77,5.77,Allatoona/allatoona_forebay_2017-04-10.png
Allatoona,LK_14_4494,2017-05-11,5,2017,28,28,38.90,1.65,22.37,12.38,9.32,2.12,2.12,Allatoona/allatoona_forebay_2017-05-11.png
Allatoona,LK_14_4494,2017-06-14,6,2017,28,28,40.00,1.64,29.30,16.64,9.54,0.00,0.00,Allatoona/allatoona_forebay_2017-06-14.png
Allatoona,LK_14_4494,2017-07-06,7,2017,28,28,39.70,0.62,28.83,20.08,8.78,0.00,0.00,Allatoona/allatoona_forebay_2017-07-06.png
Allatoona,LK_14_4494,2017-08-01,8,2017,28,28,39.70,1.37,30.02,22.34,7.97,0.00,0.00,Allatoona/allatoona_forebay_2017-08-01.png
Allatoona,LK_14_4494,2017-09-06,9,2017,28,28,38.00,0.37,26.85,23.78,6.20,0.00,0.00,Allatoona/allatoona_forebay_2017-09-06.png
Allatoona,LK_14_4494,2017-10-13,10,2017,27,27,38.40,0.26,24.80,21.28,7.96,0.00,0.00,Allatoona/allatoona_forebay_2017-10-13.png
Allatoona,LK_14_4494,2018-04-30,4,2018,28,28,39.60,0.58,17.90,12.16,10.38,0.00,0.00,Allatoona/allatoona_forebay_2018-04-30.png
Allatoona,LK_14_4494,2018-05-29,5,2018,28,28,37.30,5.85,27.08,14.92,8.59,2.14,2.14,Allatoona/allatoona_forebay_2018-05-29.png
Allatoona,LK_14_4494,2018-06-14,6,2018,28,28,39.10,1.94,28.46,15.50,9.48,0.00,0.00,Allatoona/allatoona_forebay_2018-06-14.png
Allatoona,LK_14_4494,2018-07-10,7,2018,28,28,38.30,1.49,29.81,17.98,8.66,0.00,0.00,Allatoona/allatoona_forebay_2018-07-10.png
Allatoona,LK_14_4494,2018-08-28,8,2018,28,28,40.00,0.59,29.51,23.47,8.26,0.00,0.00,Allatoona/allatoona_forebay_2018-08-28.png
Allatoona,LK_14_4494,2018-09-04,9,2018,27,27,35.00,0.77,29.39,24.17,8.20,0.00,0.00,Allatoona/allatoona_forebay_2018-09-04.png
Allatoona,LK_14_4494,2018-10-23,10,2018,28,28,38.20,0.06,23.23,22.68,5.27,5.00,4.85,Allatoona/allatoona_forebay_2018-10-23.png
Allatoona,LK_14_4494,2019-04-18,4,2019,29,29,40.10,1.07,20.18,11.77,10.04,1.45,1.45,Allatoona/allatoona_forebay_2019-04-18.png
Allatoona,LK_14_4494,2019-05-08,5,2019,28,28,40.00,3.36,24.50,14.67,9.70,1.61,1.61,Allatoona/allatoona_forebay_2019-05-08.png
Allatoona,LK_14_4494,2019-06-19,6,2019,28,28,40.00,1.27,28.13,16.73,9.21,0.19,0.03,Allatoona/allatoona_forebay_2019-06-19.png
Allatoona,LK_14_4494,2019-07-18,7,2019,27,27,37.00,1.36,30.88,18.53,8.59,0.00,0.00,Allatoona/allatoona_forebay_2019-07-18.png
Allatoona,LK_14_4494,2019-08-01,8,2019,27,27,40.00,1.13,31.13,18.76,8.22,0.00,0.00,Allatoona/allatoona_forebay_2019-08-01.png
Allatoona,LK_14_4494,2019-10-01,10,2019,27,27,35.00,0.98,30.37,23.76,8.46,0.00,0.00,Allatoona/allatoona_forebay_2019-10-01.png
Allatoona,LK_14_4494,2020-06-10,6,2020,27,27,35.00,0.98,30.37,23.76,8.46,0.00,0.00,Allatoona/allatoona_forebay_2020-06-10.png
Allatoona,LK_14_4494,2020-07-07,7,2020,27,27,40.00,3.17,29.21,16.74,9.08,0.00,0.00,Allatoona/allatoona_forebay_2020-07-07.png
Allatoona,LK_14_4494,2020-08-04,8,2020,28,28,40.00,1.38,31.22,18.49,8.40,0.27,0.23,Allatoona/allatoona_forebay_2020-08-04.png
Allatoona,LK_14_4494,2020-10-14,10,2020,27,27,35.00,0.23,22.64,20.92,6.31,3.48,3.48,Allatoona/allatoona_forebay_2020-10-14.png
Allatoona,LK_14_4494,2021-04-13,4,2021,27,27,40.00,2.98,21.98,9.87,10.78,4.85,4.85,Allatoona/allatoona_forebay_2021-04-13.png
Allatoona,LK_14_4494,2021-05-25,5,2021,28,28,40.00,2.39,28.01,14.52,9.92,0.47,0.47,Allatoona/allatoona_forebay_2021-05-25.png
Allatoona,LK_14_4494,2021-06-09,6,2021,27,27,40.00,1.37,26.98,15.56,9.50,0.24,0.24,Allatoona/allatoona_forebay_2021-06-09.png
Allatoona,LK_14_4494,2021-07-13,7,2021,28,28,40.00,2.09,28.45,17.77,8.62,0.40,0.31,Allatoona/allatoona_forebay_2021-07-13.png
Allatoona,LK_14_4494,2021-08-09,8,2021,28,28,40.00,1.09,30.38,20.45,8.71,0.00,0.00,Allatoona/allatoona_forebay_2021-08-09.png
Allatoona,LK_14_4494,2021-09-08,9,2021,28,28,40.00,0.47,28.73,23.86,7.70,0.03,0.03,Allatoona/allatoona_forebay_2021-09-08.png
Allatoona,LK_14_4494,2021-10-06,10,2021,27,27,35.00,0.54,24.91,21.77,6.55,2.73,1.35,Allatoona/allatoona_forebay_2021-10-06.png
Allatoona,LK_14_4494,2022-04-12,4,2022,27,27,35.00,0.96,17.51,13.13,10.14,6.89,6.88,Allatoona/allatoona_forebay_2022-04-12.png
Allatoona,LK_14_4494,2022-05-09,5,2022,28,28,40.00,2.57,21.74,13.76,9.84,2.85,2.85,Allatoona/allatoona_forebay_2022-05-09.png
Allatoona,LK_14_4494,2022-06-15,6,2022,28,28,40.00,1.36,29.94,14.79,9.17,0.00,0.00,Allatoona/allatoona_forebay_2022-06-15.png
Allatoona,LK_14_4494,2022-07-28,7,2022,25,25,28.00,1.00,31.20,19.80,8.48,0.08,0.08,Allatoona/allatoona_forebay_2022-07-28.png
Allatoona,LK_14_4494,2022-08-16,8,2022,27,27,35.00,0.60,30.18,20.51,0.00,0.24,0.00,Allatoona/allatoona_forebay_2022-08-16.png
Allatoona,LK_14_4494,2022-09-26,9,2022,26,26,35.00,0.39,26.43,23.06,0.00,0.21,0.00,Allatoona/allatoona_forebay_2022-09-26.png
Allatoona,LK_14_4494,2022-10-12,10,2022,27,27,35.00,0.08,22.77,22.28,6.04,5.39,5.28,Allatoona/allatoona_forebay_2022-10-12.png
Allatoona,LK_14_4494,2023-04-11,4,2023,23,23,24.00,1.20,17.70,12.00,10.01,7.42,7.18,Allatoona/allatoona_forebay_2023-04-11.png
Allatoona,LK_14_4494,2023-05-09,5,2023,23,23,24.00,1.21,21.74,15.03,10.06,4.81,4.73,Allatoona/allatoona_forebay_2023-05-09.png
Allatoona,LK_14_4494,2023-06-20,6,2023,29,29,45.00,1.31,27.06,15.09,9.34,0.13,0.13,Allatoona/allatoona_forebay_2023-06-20.png
Allatoona,LK_14_4494,2023-07-25,7,2023,28,28,40.00,1.48,29.74,17.11,8.58,0.12,0.12,Allatoona/allatoona_forebay_2023-07-25.png
Allatoona,LK_14_4494,2023-08-15,8,2023,21,21,20.00,0.80,29.90,23.10,8.49,0.18,0.18,Allatoona/allatoona_forebay_2023-08-15.png
Allatoona,LK_14_4494,2023-09-13,9,2023,25,25,28.00,0.70,29.10,21.40,8.20,0.11,0.11,Allatoona/allatoona_forebay_2023-09-13.png
Allatoona,LK_14_4494,2023-10-16,10,2023,27,27,35.00,0.02,23.00,22.90,4.98,4.80,4.78,Allatoona/allatoona_forebay_2023-10-16.png
Allatoona,LK_14_4494,2024-04-02,4,2024,26,26,30.00,1.10,17.50,10.20,11.08,1.15,1.15,Allatoona/allatoona_forebay_2024-04-02.png
Allatoona,LK_14_4494,2024-05-06,5,2024,27,27,35.00,2.20,24.80,12.30,10.14,2.16,2.16,Allatoona/allatoona_forebay_2024-05-06.png
Allatoona,LK_14_4494,2024-06-03,6,2024,28,28,40.00,1.80,27.00,14.60,9.45,0.43,0.43,Allatoona/allatoona_forebay_2024-06-03.png
Allatoona,LK_14_4494,2024-07-01,7,2024,29,29,45.00,1.60,30.60,15.00,8.43,0.22,0.21,Allatoona/allatoona_forebay_2024-07-01.png
Allatoona,LK_14_4494,2024-08-05,8,2024,28,28,40.00,1.60,30.40,15.70,7.67,0.18,0.18,Allatoona/allatoona_forebay_2024-08-05.png
Allatoona,LK_14_4494,2024-09-03,9,2024,27,27,35.00,0.80,28.80,17.90,7.56,0.22,0.22,Allatoona/allatoona_forebay_2024-09-03.png
Allatoona,LK_14_4494,2024-10-01,10,2024,27,27,35.00,0.40,24.80,20.90,6.27,0.30,0.30,Allatoona/allatoona_forebay_2024-10-01.png
Allatoona,LK_14_4494,2025-04-08,4,2025,27,27,35.00,1.30,18.30,9.20,9.23,7.66,7.66,Allatoona/allatoona_forebay_2025-04-08.png
Allatoona,LK_14_4494,2025-05-05,5,2025,28,28,40.00,1.60,22.80,11.30,9.56,4.19,4.19,Allatoona/allatoona_forebay_2025-05-05.png
Allatoona,LK_14_4494,2025-07-01,7,2025,27,27,35.00,1.30,18.30,9.20,8.59,0.23,0.23,Allatoona/allatoona_forebay_2025-07-01.png
Allatoona,LK_14_4494,2025-08-18,8,2025,29,29,45.00,0.80,29.90,18.40,8.16,0.22,0.22,Allatoona/allatoona_forebay_2025-08-18.png
Allatoona,LK_14_4494,2025-10-14,10,2025,27,27,35.00,0.40,25.00,22.00,9.23,7.66,7.66,Allatoona/allatoona_forebay_2025-10-14.png
Lanier,LK_12_4028,2000-04-20,4,2000,30,30,45.00,0.67,16.14,7.52,11.30,9.66,9.66,Lanier/lanier_forebay_2000-04-20.png
Lanier,LK_12_4028,2000-05-17,5,2000,29,29,45.00,2.32,21.96,7.80,8.94,5.49,5.49,Lanier/lanier_forebay_2000-05-17.png
Lanier,LK_12_4028,2000-06-14,6,2000,29,29,44.70,3.41,27.93,7.98,7.95,4.36,4.36,Lanier/lanier_forebay_2000-06-14.png
Lanier,LK_12_4028,2000-07-11,7,2000,29,29,44.10,2.29,28.93,8.14,7.65,3.23,2.38,Lanier/lanier_forebay_2000-07-11.png
Lanier,LK_12_4028,2000-08-16,8,2000,29,29,43.80,2.91,28.44,8.45,7.66,0.69,0.16,Lanier/lanier_forebay_2000-08-16.png
Lanier,LK_12_4028,2000-09-13,9,2000,29,29,43.10,3.24,25.80,8.71,8.08,0.11,0.10,Lanier/lanier_forebay_2000-09-13.png
Lanier,LK_12_4028,2000-10-11,10,2000,28,28,40.00,2.42,20.12,9.17,8.12,0.70,0.13,Lanier/lanier_forebay_2000-10-11.png
Lanier,LK_12_4028,2001-04-04,4,2001,28,28,40.00,0.52,11.55,7.23,9.93,5.90,5.90,Lanier/lanier_forebay_2001-04-04.png
Lanier,LK_12_4028,2001-05-09,5,2001,25,25,40.00,2.83,21.37,7.96,8.50,5.40,5.40,Lanier/lanier_forebay_2001-05-09.png
Lanier,LK_12_4028,2001-06-06,6,2001,28,28,40.00,3.08,24.40,8.24,8.03,4.07,4.07,Lanier/lanier_forebay_2001-06-06.png
Lanier,LK_12_4028,2001-07-11,7,2001,28,28,40.00,2.56,28.05,8.50,7.21,2.07,2.07,Lanier/lanier_forebay_2001-07-11.png
Lanier,LK_12_4028,2001-08-08,8,2001,28,28,40.00,3.88,27.92,8.70,7.30,0.83,0.83,Lanier/lanier_forebay_2001-08-08.png
Lanier,LK_12_4028,2001-10-03,10,2001,28,28,40.00,3.75,22.36,9.03,7.97,0.08,0.08,Lanier/lanier_forebay_2001-10-03.png
Lanier,LK_12_4028,2002-04-03,4,2002,28,28,40.00,1.17,15.21,8.04,10.01,8.43,8.43,Lanier/lanier_forebay_2002-04-03.png
Lanier,LK_12_4028,2002-05-16,5,2002,28,28,40.00,2.22,21.33,8.37,8.82,6.53,6.53,Lanier/lanier_forebay_2002-05-16.png
Lanier,LK_12_4028,2002-06-05,6,2002,28,28,40.00,3.85,26.94,8.46,7.67,5.59,5.59,Lanier/lanier_forebay_2002-06-05.png
Lanier,LK_12_4028,2002-07-10,7,2002,27,27,35.00,2.35,29.06,8.69,7.23,4.43,4.43,Lanier/lanier_forebay_2002-07-10.png
Lanier,LK_12_4028,2002-08-07,8,2002,28,28,40.00,5.40,28.85,8.78,7.44,2.28,2.28,Lanier/lanier_forebay_2002-08-07.png
Lanier,LK_12_4028,2002-09-04,9,2002,28,28,40.00,4.62,28.02,8.90,7.15,0.89,0.89,Lanier/lanier_forebay_2002-09-04.png
Lanier,LK_12_4028,2002-10-02,10,2002,28,28,40.00,4.91,24.01,9.00,7.82,0.10,0.10,Lanier/lanier_forebay_2002-10-02.png
Lanier,LK_12_4028,2003-04-02,4,2003,29,29,40.10,1.01,12.51,7.00,11.00,9.43,9.43,Lanier/lanier_forebay_2003-04-02.png
Lanier,LK_12_4028,2003-05-06,5,2003,29,29,45.00,1.52,19.66,7.40,8.74,7.80,7.80,Lanier/lanier_forebay_2003-05-06.png
Lanier,LK_12_4028,2003-06-04,6,2003,29,29,44.90,1.55,21.45,7.58,8.33,6.44,6.44,Lanier/lanier_forebay_2003-06-04.png
Lanier,LK_12_4028,2003-07-09,7,2003,29,29,45.00,1.47,27.30,7.89,7.79,4.45,3.88,Lanier/lanier_forebay_2003-07-09.png
Lanier,LK_12_4028,2003-08-06,8,2003,29,29,45.00,1.15,27.55,8.09,7.94,2.15,1.84,Lanier/lanier_forebay_2003-08-06.png
Lanier,LK_12_4028,2003-10-08,10,2003,27,27,40.00,2.14,22.13,9.03,7.11,0.15,0.15,Lanier/lanier_forebay_2003-10-08.png
Lanier,LK_12_4028,2004-04-15,4,2004,28,28,40.00,1.37,13.21,7.00,10.29,9.07,9.07,Lanier/lanier_forebay_2004-04-15.png
Lanier,LK_12_4028,2004-05-05,5,2004,28,28,45.00,1.05,16.86,7.18,10.04,7.67,7.67,Lanier/lanier_forebay_2004-05-05.png
Lanier,LK_12_4028,2004-06-03,6,2004,29,29,45.20,2.32,24.23,7.32,8.51,6.32,6.32,Lanier/lanier_forebay_2004-06-03.png
Lanier,LK_12_4028,2004-07-08,7,2004,28,28,45.00,4.71,27.92,7.51,7.46,4.72,4.72,Lanier/lanier_forebay_2004-07-08.png
Lanier,LK_12_4028,2004-08-04,8,2004,29,29,45.00,3.91,29.72,7.66,6.97,3.33,3.33,Lanier/lanier_forebay_2004-08-04.png
Lanier,LK_12_4028,2004-09-02,9,2004,27,27,40.00,3.98,27.35,7.85,6.81,1.97,1.97,Lanier/lanier_forebay_2004-09-02.png
Lanier,LK_12_4028,2004-10-07,10,2004,29,29,45.00,3.05,22.61,8.70,9.08,0.14,0.14,Lanier/lanier_forebay_2004-10-07.png
Lanier,LK_12_4028,2005-04-13,4,2005,36,36,65.00,1.46,16.07,8.58,10.29,8.21,8.21,Lanier/lanier_forebay_2005-04-13.png
Lanier,LK_12_4028,2005-05-04,5,2005,28,28,40.00,1.25,16.32,8.89,9.95,7.57,7.57,Lanier/lanier_forebay_2005-05-04.png
Lanier,LK_12_4028,2005-06-09,6,2005,29,29,45.00,1.37,25.71,9.13,7.92,4.98,4.98,Lanier/lanier_forebay_2005-06-09.png
Lanier,LK_12_4028,2005-07-14,7,2005,29,29,45.00,1.90,26.39,9.52,7.61,3.55,3.55,Lanier/lanier_forebay_2005-07-14.png
Lanier,LK_12_4028,2005-08-10,8,2005,34,34,45.00,2.85,28.80,9.65,7.55,0.72,0.72,Lanier/lanier_forebay_2005-08-10.png
Lanier,LK_12_4028,2005-09-14,9,2005,28,28,40.00,1.38,27.21,10.20,8.35,2.93,2.93,Lanier/lanier_forebay_2005-09-14.png
Lanier,LK_12_4028,2005-10-05,10,2005,29,29,45.00,3.50,25.17,8.70,7.82,0.14,0.10,Lanier/lanier_forebay_2005-10-05.png
Lanier,LK_12_4028,2006-04-27,4,2006,29,29,45.00,1.96,19.13,8.47,9.08,6.02,6.02,Lanier/lanier_forebay_2006-04-27.png
Lanier,LK_12_4028,2006-05-31,5,2006,27,27,35.00,2.34,27.37,9.04,9.95,8.08,8.08,Lanier/lanier_forebay_2006-05-31.png
Lanier,LK_12_4028,2006-06-27,6,2006,28,28,40.00,2.89,27.35,8.95,7.36,3.23,3.23,Lanier/lanier_forebay_2006-06-27.png
Lanier,LK_12_4028,2006-07-25,7,2006,27,27,40.00,2.58,29.48,9.07,7.01,1.65,1.65,Lanier/lanier_forebay_2006-07-25.png
Lanier,LK_12_4028,2006-08-29,8,2006,28,28,40.00,2.94,29.03,9.33,6.69,0.21,0.21,Lanier/lanier_forebay_2006-08-29.png
Lanier,LK_12_4028,2006-09-26,9,2006,28,28,40.00,3.15,24.06,9.48,6.95,0.12,0.12,Lanier/lanier_forebay_2006-09-26.png
Lanier,LK_12_4028,2006-10-24,10,2006,28,28,40.00,2.28,18.49,9.78,7.90,0.11,0.11,Lanier/lanier_forebay_2006-10-24.png
Lanier,LK_12_4028,2007-04-17,4,2007,29,29,42.40,0.73,11.90,8.47,10.32,2.54,2.54,Lanier/lanier_forebay_2007-04-17.png
Lanier,LK_12_4028,2007-05-15,5,2007,30,30,45.30,2.88,23.76,7.98,8.65,6.67,6.60,Lanier/lanier_forebay_2007-05-15.png
Lanier,LK_12_4028,2007-06-12,6,2007,27,27,35.20,3.05,26.43,8.21,7.95,2.38,2.38,Lanier/lanier_forebay_2007-06-12.png
Lanier,LK_12_4028,2007-07-10,7,2007,29,29,44.50,2.85,27.70,8.45,7.71,0.78,0.78,Lanier/lanier_forebay_2007-07-10.png
Lanier,LK_12_4028,2007-08-07,8,2007,29,29,43.60,3.22,30.75,8.54,7.55,1.73,1.73,Lanier/lanier_forebay_2007-08-07.png
Lanier,LK_12_4028,2007-09-04,9,2007,29,29,43.10,4.19,29.22,8.77,7.58,0.60,0.60,Lanier/lanier_forebay_2007-09-04.png
Lanier,LK_12_4028,2007-10-02,10,2007,27,27,32.50,5.69,23.88,8.10,8.14,0.37,0.37,Lanier/lanier_forebay_2007-10-02.png
Lanier,LK_12_4028,2008-04-09,4,2008,29,29,41.60,0.61,14.28,8.17,10.45,5.65,5.65,Lanier/lanier_forebay_2008-04-09.png
Lanier,LK_12_4028,2008-05-27,5,2008,28,28,38.10,1.79,23.55,8.74,8.89,4.46,4.46,Lanier/lanier_forebay_2008-05-27.png
Lanier,LK_12_4028,2008-06-11,6,2008,28,28,40.00,3.80,29.39,8.86,7.49,3.81,3.81,Lanier/lanier_forebay_2008-06-11.png
Lanier,LK_12_4028,2008-07-24,7,2008,29,29,40.30,2.81,28.29,8.70,7.05,1.37,1.37,Lanier/lanier_forebay_2008-07-24.png
Lanier,LK_12_4028,2008-08-13,8,2008,28,28,40.00,4.21,27.29,9.24,7.52,0.67,0.67,Lanier/lanier_forebay_2008-08-13.png
Lanier,LK_12_4028,2008-09-11,9,2008,28,28,40.00,2.95,26.89,9.44,7.77,0.17,0.17,Lanier/lanier_forebay_2008-09-11.png
Lanier,LK_12_4028,2008-10-08,10,2008,27,27,35.00,4.57,22.61,9.68,8.99,0.31,0.31,Lanier/lanier_forebay_2008-10-08.png
Lanier,LK_12_4028,2009-04-15,4,2009,28,28,40.00,0.58,12.47,7.48,9.80,7.77,7.77,Lanier/lanier_forebay_2009-04-15.png
Lanier,LK_12_4028,2009-05-27,5,2009,29,29,44.10,2.77,21.65,7.88,8.66,4.41,4.41,Lanier/lanier_forebay_2009-05-27.png
Lanier,LK_12_4028,2009-06-10,6,2009,28,28,39.00,2.27,26.59,8.04,7.43,5.32,5.32,Lanier/lanier_forebay_2009-06-10.png
Lanier,LK_12_4028,2009-07-29,7,2009,29,29,44.40,2.17,26.84,8.35,7.59,1.89,1.89,Lanier/lanier_forebay_2009-07-29.png
Lanier,LK_12_4028,2009-08-20,8,2009,29,29,40.80,4.36,28.47,8.45,7.33,0.21,0.21,Lanier/lanier_forebay_2009-08-20.png
Lanier,LK_12_4028,2009-09-23,9,2009,29,29,45.00,5.84,24.81,8.62,7.63,0.14,0.14,Lanier/lanier_forebay_2009-09-23.png
Lanier,LK_12_4028,2009-10-21,10,2009,29,29,45.00,2.37,19.09,8.82,7.62,0.13,0.09,Lanier/lanier_forebay_2009-10-21.png
Lanier,LK_12_4028,2010-04-13,4,2010,29,29,44.90,2.04,18.51,6.20,10.70,0.48,0.48,Lanier/lanier_forebay_2010-04-13.png
Lanier,LK_12_4028,2010-05-20,5,2010,30,30,47.20,2.81,22.17,6.73,9.55,6.77,6.77,Lanier/lanier_forebay_2010-05-20.png
Lanier,LK_12_4028,2010-06-10,6,2010,29,29,42.60,2.27,26.37,6.88,8.29,6.65,6.65,Lanier/lanier_forebay_2010-06-10.png
Lanier,LK_12_4028,2010-07-20,7,2010,29,29,43.50,2.22,29.60,7.29,8.13,4.26,4.26,Lanier/lanier_forebay_2010-07-20.png
Lanier,LK_12_4028,2010-08-12,8,2010,29,29,42.80,3.18,31.49,7.47,8.11,2.46,2.46,Lanier/lanier_forebay_2010-08-12.png
Lanier,LK_12_4028,2010-09-15,9,2010,29,0,45.00,3.42,27.35,7.64,,,,Lanier/lanier_forebay_2010-09-15.png
Lanier,LK_12_4028,2010-10-21,10,2010,30,30,45.60,2.43,20.93,8.20,8.34,0.11,0.11,Lanier/lanier_forebay_2010-10-21.png
Lanier,LK_12_4028,2011-04-19,4,2011,29,29,45.06,0.65,16.41,7.08,10.46,6.50,6.50,Lanier/lanier_forebay_2011-04-19.png
Lanier,LK_12_4028,2011-05-18,5,2011,30,30,45.87,1.53,19.13,7.82,9.56,1.72,1.72,Lanier/lanier_forebay_2011-05-18.png
Lanier,LK_12_4028,2011-06-01,6,2011,34,34,45.93,2.24,27.93,7.77,8.86,0.56,0.56,Lanier/lanier_forebay_2011-06-01.png
Lanier,LK_12_4028,2011-07-13,7,2011,37,37,45.23,2.64,31.06,8.22,8.48,0.13,0.13,Lanier/lanier_forebay_2011-07-13.png
Lanier,LK_12_4028,2011-08-09,8,2011,12,12,11.10,1.84,29.57,19.88,7.94,5.80,5.80,Lanier/lanier_forebay_2011-08-09.png
Lanier,LK_12_4028,2011-09-08,9,2011,30,30,44.50,3.21,26.19,8.81,7.80,0.08,0.08,Lanier/lanier_forebay_2011-09-08.png
Lanier,LK_12_4028,2011-10-06,10,2011,24,24,25.19,2.48,21.98,11.66,8.39,0.65,0.00,Lanier/lanier_forebay_2011-10-06.png
Lanier,LK_12_4028,2012-04-16,4,2012,34,34,44.90,2.42,18.36,9.37,9.97,0.08,0.08,Lanier/lanier_forebay_2012-04-16.png
Lanier,LK_12_4028,2012-05-15,5,2012,29,29,44.60,2.98,22.05,9.25,9.21,2.10,2.10,Lanier/lanier_forebay_2012-05-15.png
Lanier,LK_12_4028,2012-06-05,6,2012,30,30,37.80,2.71,24.30,9.40,8.69,3.12,3.12,Lanier/lanier_forebay_2012-06-05.png
Lanier,LK_12_4028,2012-07-24,7,2012,37,37,45.00,2.64,31.06,8.22,8.48,0.13,0.13,Lanier/lanier_forebay_2012-07-24.png
Lanier,LK_12_4028,2012-08-16,8,2012,29,29,43.20,3.34,27.92,9.79,8.48,0.10,0.10,Lanier/lanier_forebay_2012-08-16.png
Lanier,LK_12_4028,2012-09-13,9,2012,27,27,39.90,3.54,26.31,10.32,8.41,0.00,0.00,Lanier/lanier_forebay_2012-09-13.png
Lanier,LK_12_4028,2012-10-25,10,2012,28,28,40.00,2.02,20.81,10.69,8.80,0.00,0.00,Lanier/lanier_forebay_2012-10-25.png
Lanier,LK_12_4028,2013-04-24,4,2013,30,30,43.50,1.74,16.50,8.79,10.02,0.06,0.06,Lanier/lanier_forebay_2013-04-24.png
Lanier,LK_12_4028,2013-05-07,5,2013,29,29,43.70,2.24,16.17,9.04,9.76,7.70,7.70,Lanier/lanier_forebay_2013-05-07.png
Lanier,LK_12_4028,2013-06-25,6,2013,30,30,37.80,3.01,24.30,9.40,8.69,3.12,3.12,Lanier/lanier_forebay_2013-06-25.png
Lanier,LK_12_4028,2013-07-17,7,2013,26,26,35.00,3.54,26.97,9.64,8.32,4.75,3.97,Lanier/lanier_forebay_2013-07-17.png
Lanier,LK_12_4028,2013-08-20,8,2013,28,28,42.40,4.73,25.23,9.58,7.65,0.96,0.96,Lanier/lanier_forebay_2013-08-20.png
Lanier,LK_12_4028,2013-09-24,9,2013,29,29,40.50,2.08,24.84,10.09,6.57,0.00,0.00,Lanier/lanier_forebay_2013-09-24.png
Lanier,LK_12_4028,2013-10-25,10,2013,29,29,45.00,1.52,21.80,10.45,6.28,0.00,0.00,Lanier/lanier_forebay_2013-10-25.png
Lanier,LK_12_4028,2014-04-09,4,2014,28,28,31.80,0.61,12.35,8.08,10.86,9.02,9.02,Lanier/lanier_forebay_2014-04-09.png
Lanier,LK_12_4028,2014-05-08,5,2014,29,29,41.00,5.50,21.56,7.85,9.88,6.41,6.41,Lanier/lanier_forebay_2014-05-08.png
Lanier,LK_12_4028,2014-06-04,6,2014,29,29,42.00,3.36,26.55,8.06,8.56,4.77,4.77,Lanier/lanier_forebay_2014-06-04.png
Lanier,LK_12_4028,2014-07-15,7,2014,29,29,45.00,2.99,28.37,8.43,7.99,2.59,2.59,Lanier/lanier_forebay_2014-07-15.png
Lanier,LK_12_4028,2014-08-05,8,2014,26,26,40.00,17.09,27.83,8.72,8.27,1.57,1.57,Lanier/lanier_forebay_2014-08-05.png
Lanier,LK_12_4028,2014-09-09,9,2014,29,29,40.20,2.80,28.21,9.16,8.07,0.30,0.30,Lanier/lanier_forebay_2014-09-09.png
Lanier,LK_12_4028,2014-10-21,10,2014,26,26,34.70,9.57,20.77,10.17,8.39,0.30,0.30,Lanier/lanier_forebay_2014-10-21.png
Lanier,LK_12_4028,2015-04-07,4,2015,5,5,4.00,0.76,15.08,14.14,10.64,10.72,10.64,Lanier/lanier_forebay_2015-04-07.png
Lanier,LK_12_4028,2015-05-12,5,2015,29,29,41.25,2.10,24.74,7.54,8.89,7.55,7.55,Lanier/lanier_forebay_2015-05-12.png
Lanier,LK_12_4028,2015-07-21,7,2015,28,28,43.00,2.48,30.11,7.87,8.17,3.70,3.70,Lanier/lanier_forebay_2015-07-21.png
Lanier,LK_12_4028,2015-08-04,8,2015,28,28,40.00,3.09,31.22,7.90,8.52,2.68,2.68,Lanier/lanier_forebay_2015-08-04.png
Lanier,LK_12_4028,2015-09-08,9,2015,28,28,40.00,4.22,27.77,8.24,8.24,0.04,0.04,Lanier/lanier_forebay_2015-09-08.png
Lanier,LK_12_4028,2016-04-20,4,2016,22,22,21.00,1.83,18.92,9.38,9.99,7.79,7.58,Lanier/lanier_forebay_2016-04-20.png
Lanier,LK_12_4028,2016-05-18,5,2016,30,30,46.00,2.20,22.45,8.74,9.10,2.62,2.62,Lanier/lanier_forebay_2016-05-18.png
Lanier,LK_12_4028,2016-06-15,6,2016,28,28,45.00,2.18,28.11,8.95,8.51,0.02,0.02,Lanier/lanier_forebay_2016-06-15.png
Lanier,LK_12_4028,2016-07-12,7,2016,29,29,41.60,2.33,28.65,9.06,8.27,2.13,2.13,Lanier/lanier_forebay_2016-07-12.png
Lanier,LK_12_4028,2016-08-17,8,2016,29,29,44.10,3.34,30.02,9.31,8.18,0.00,0.00,Lanier/lanier_forebay_2016-08-17.png
Lanier,LK_12_4028,2016-09-08,9,2016,29,29,44.10,2.98,29.23,9.45,8.28,0.00,0.00,Lanier/lanier_forebay_2016-09-08.png
Lanier,LK_12_4028,2016-10-13,10,2016,30,30,43.50,5.31,23.89,9.69,8.07,0.00,0.00,Lanier/lanier_forebay_2016-10-13.png
Lanier,LK_12_4028,2017-04-11,4,2017,11,11,10.00,1.00,17.46,13.00,9.89,9.26,9.26,Lanier/lanier_forebay_2017-04-11.png
Lanier,LK_12_4028,2017-05-11,5,2017,29,29,44.00,1.87,20.69,10.21,9.27,1.63,1.63,Lanier/lanier_forebay_2017-05-11.png
Lanier,LK_12_4028,2017-06-01,6,2017,12,12,11.00,1.46,24.94,16.78,8.83,8.53,8.53,Lanier/lanier_forebay_2017-06-01.png
Lanier,LK_12_4028,2017-07-06,7,2017,23,23,24.00,2.19,28.34,12.05,8.00,3.11,3.01,Lanier/lanier_forebay_2017-07-06.png
Lanier,LK_12_4028,2017-08-02,8,2017,24,24,26.04,4.05,28.86,12.09,8.07,2.13,1.90,Lanier/lanier_forebay_2017-08-02.png
Lanier,LK_12_4028,2017-10-11,10,2017,28,28,40.00,2.06,25.90,11.58,8.56,0.00,0.00,Lanier/lanier_forebay_2017-10-11.png
Lanier,LK_12_4028,2018-04-30,4,2018,28,28,40.00,1.78,16.14,8.64,9.82,6.19,6.19,Lanier/lanier_forebay_2018-04-30.png
Lanier,LK_12_4028,2018-05-31,5,2018,30,30,47.00,3.60,26.07,8.90,8.05,4.03,4.03,Lanier/lanier_forebay_2018-05-31.png
Lanier,LK_12_4028,2018-06-14,6,2018,30,30,46.00,3.57,27.11,9.13,8.13,3.21,3.21,Lanier/lanier_forebay_2018-06-14.png
Lanier,LK_12_4028,2018-07-12,7,2018,28,28,40.00,2.34,30.67,9.54,8.80,1.51,1.51,Lanier/lanier_forebay_2018-07-12.png
Lanier,LK_12_4028,2018-08-09,8,2018,30,30,46.20,1.67,29.33,9.85,8.84,2.03,1.11,Lanier/lanier_forebay_2018-08-09.png
Lanier,LK_12_4028,2018-09-10,9,2018,30,30,45.00,1.63,28.92,10.32,8.71,1.33,0.00,Lanier/lanier_forebay_2018-09-10.png
Lanier,LK_12_4028,2018-10-24,10,2018,28,28,37.00,2.20,22.07,11.63,7.37,0.00,0.00,Lanier/lanier_forebay_2018-10-24.png
Lanier,LK_12_4028,2019-04-10,4,2019,28,28,40.11,2.21,18.59,8.86,10.16,7.72,7.72,Lanier/lanier_forebay_2019-04-10.png
Lanier,LK_12_4028,2019-06-05,6,2019,28,28,40.16,2.88,25.93,9.26,8.12,4.16,4.16,Lanier/lanier_forebay_2019-06-05.png
Lanier,LK_12_4028,2019-07-22,7,2019,28,28,40.45,2.09,29.12,9.77,8.29,0.34,0.34,Lanier/lanier_forebay_2019-07-22.png
Lanier,LK_12_4028,2019-09-05,9,2019,28,28,38.07,3.34,28.99,10.33,8.38,0.00,0.00,Lanier/lanier_forebay_2019-09-05.png
Lanier,LK_12_4028,2019-10-02,10,2019,29,29,45.00,2.14,29.00,10.48,7.83,0.00,0.00,Lanier/lanier_forebay_2019-10-02.png
Lanier,LK_12_4028,2020-04-07,4,2020,29,29,43.50,1.64,17.88,9.69,11.08,8.62,8.62,Lanier/lanier_forebay_2020-04-07.png
Lanier,LK_12_4028,2020-06-15,6,2020,27,27,38.02,5.14,26.91,10.27,8.32,3.37,3.37,Lanier/lanier_forebay_2020-06-15.png
Lanier,LK_12_4028,2020-07-29,7,2020,30,30,46.99,1.51,30.10,10.43,8.02,0.00,0.00,Lanier/lanier_forebay_2020-07-29.png
Lanier,LK_12_4028,2020-08-24,8,2020,28,28,40.56,3.43,28.24,10.67,8.03,0.00,0.00,Lanier/lanier_forebay_2020-08-24.png
Lanier,LK_12_4028,2020-09-02,9,2020,29,29,46.02,2.05,28.59,10.70,8.38,0.00,0.00,Lanier/lanier_forebay_2020-09-02.png
Lanier,LK_12_4028,2020-10-26,10,2020,26,26,34.89,1.29,21.92,12.70,8.87,0.31,0.26,Lanier/lanier_forebay_2020-10-26.png
Lanier,LK_12_4028,2021-04-27,4,2021,27,27,35.00,1.37,17.90,9.02,9.86,6.88,6.88,Lanier/lanier_forebay_2021-04-27.png
Lanier,LK_12_4028,2021-05-20,5,2021,29,29,45.00,2.02,21.66,9.02,9.70,4.86,4.86,Lanier/lanier_forebay_2021-05-20.png
Lanier,LK_12_4028,2021-06-23,6,2021,29,29,45.04,2.64,25.78,9.20,8.43,2.59,2.59,Lanier/lanier_forebay_2021-06-23.png
Lanier,LK_12_4028,2021-07-20,7,2021,29,29,44.00,1.88,27.32,9.46,8.47,0.82,0.82,Lanier/lanier_forebay_2021-07-20.png
Lanier,LK_12_4028,2021-09-20,9,2021,24,24,33.31,2.97,26.18,11.40,7.69,0.34,0.27,Lanier/lanier_forebay_2021-09-20.png
Lanier,LK_12_4028,2021-10-18,10,2021,28,28,40.02,1.17,23.53,11.14,7.37,0.00,0.00,Lanier/lanier_forebay_2021-10-18.png
Lanier,LK_12_4028,2022-04-20,4,2022,32,32,45.00,2.02,15.93,9.33,10.17,6.06,6.04,Lanier/lanier_forebay_2022-04-20.png
Lanier,LK_12_4028,2022-05-04,5,2022,33,33,46.00,1.55,21.42,9.40,9.87,4.94,4.94,Lanier/lanier_forebay_2022-05-04.png
Lanier,LK_12_4028,2022-06-07,6,2022,29,29,42.30,3.35,25.81,9.87,8.41,2.86,2.86,Lanier/lanier_forebay_2022-06-07.png
Lanier,LK_12_4028,2022-08-18,8,2022,28,28,37.90,4.40,28.38,10.77,8.22,0.00,0.00,Lanier/lanier_forebay_2022-08-18.png
Lanier,LK_12_4028,2022-09-27,9,2022,30,30,45.70,1.99,25.38,11.04,7.83,0.00,0.00,Lanier/lanier_forebay_2022-09-27.png
Lanier,LK_12_4028,2022-10-04,10,2022,29,29,45.00,2.42,22.89,11.09,7.91,0.00,0.00,Lanier/lanier_forebay_2022-10-04.png
Lanier,LK_12_4028,2023-04-17,4,2023,29,29,42.90,0.70,15.70,9.67,10.21,3.54,3.54,Lanier/lanier_forebay_2023-04-17.png
Lanier,LK_12_4028,2023-05-24,5,2023,30,30,45.38,4.05,22.44,10.00,8.73,2.49,2.49,Lanier/lanier_forebay_2023-05-24.png
Lanier,LK_12_4028,2023-06-26,6,2023,30,30,46.48,1.61,25.20,10.22,8.66,0.71,0.71,Lanier/lanier_forebay_2023-06-26.png
Lanier,LK_12_4028,2023-07-26,7,2023,29,29,43.52,2.00,29.33,10.50,8.24,0.23,0.23,Lanier/lanier_forebay_2023-07-26.png
Lanier,LK_12_4028,2023-08-21,8,2023,29,29,40.80,2.06,29.17,10.94,8.28,0.11,0.11,Lanier/lanier_forebay_2023-08-21.png
Lanier,LK_12_4028,2023-09-20,9,2023,29,29,42.55,2.66,26.17,11.33,7.61,0.23,0.23,Lanier/lanier_forebay_2023-09-20.png
Lanier,LK_12_4028,2023-10-18,10,2023,28,28,37.47,2.56,20.85,12.12,7.64,0.29,0.29,Lanier/lanier_forebay_2023-10-18.png
Lanier,LK_12_4028,2024-04-18,4,2024,27,27,35.00,0.81,16.95,9.07,9.80,6.64,6.64,Lanier/lanier_forebay_2024-04-18.png
Lanier,LK_12_4028,2024-06-05,6,2024,27,27,32.00,3.50,25.40,9.83,8.77,5.22,5.22,Lanier/lanier_forebay_2024-06-05.png
Lanier,LK_12_4028,2024-07-29,7,2024,27,27,43.26,2.80,28.70,9.80,8.04,0.27,0.27,Lanier/lanier_forebay_2024-07-29.png
Lanier,LK_12_4028,2024-08-22,8,2024,30,30,46.00,5.94,27.94,10.06,7.97,0.25,0.25,Lanier/lanier_forebay_2024-08-22.png
Lanier,LK_12_4028,2024-09-18,9,2024,29,29,45.00,3.55,22.55,10.60,7.81,0.30,0.30,Lanier/lanier_forebay_2024-09-18.png
Lanier,LK_12_4028,2024-10-03,10,2024,29,29,45.00,2.40,24.40,10.70,8.04,0.24,0.24,Lanier/lanier_forebay_2024-10-03.png
Lanier,LK_12_4028,2025-04-30,4,2025,30,30,40.00,2.20,22.46,8.44,9.21,6.52,6.52,Lanier/lanier_forebay_2025-04-30.png
Lanier,LK_12_4028,2025-05-07,5,2025,27,27,35.00,1.44,20.73,8.61,9.30,6.69,6.69,Lanier/lanier_forebay_2025-05-07.png
Lanier,LK_12_4028,2025-06-04,6,2025,28,28,39.75,1.79,23.83,8.90,8.85,4.70,4.70,Lanier/lanier_forebay_2025-06-04.png
Lanier,LK_12_4028,2025-07-07,7,2025,28,28,37.38,2.97,29.66,9.32,7.82,2.96,2.96,Lanier/lanier_forebay_2025-07-07.png
Lanier,LK_12_4028,2025-10-07,10,2025,28,28,40.00,5.89,23.87,10.60,7.91,0.46,0.46,Lanier/lanier_forebay_2025-10-07.png
