Date,X_00060_00003,X_00060_00003_cd
2011-01-01,523,A
2011-01-02,516,A
2011-01-03,2090,A
2011-01-04,1910,A
2011-01-05,2090,A
2011-01-06,3580,A
2011-01-07,3520,A
2011-01-08,828,A
2011-01-09,507,A
2011-01-10,504,A
2011-01-11,482,A
2011-01-12,437,A
2011-01-13,430,A
2011-01-14,430,A
2011-01-15,430,A
2011-01-16,430,A
2011-01-17,430,A
2011-01-18,430,A
2011-01-19,430,A
2011-01-20,422,A
2011-01-21,417,A
2011-01-22,417,A
2011-01-23,417,A
2011-01-24,416,A
2011-01-25,413,A
2011-01-26,417,A
2011-01-27,438,A
2011-01-28,483,A
2011-01-29,478,A
2011-01-30,478,A
2011-01-31,473,A
2011-02-01,468,A
2011-02-02,467,A
2011-02-03,1930,A
2011-02-04,3320,A
2011-02-05,2910,A
2011-02-06,4460,A
2011-02-07,4460,A
2011-02-08,2450,A
2011-02-09,2590,A
2011-02-10,2100,A
2011-02-11,1440,A
2011-02-12,446,A
2011-02-13,442,A
2011-02-14,2260,A
2011-02-15,1710,A
2011-02-16,1220,A
2011-02-17,920,A
2011-02-18,944,A
2011-02-19,442,A
2011-02-20,442,A
2011-02-21,1420,A
2011-02-22,1760,A
2011-02-23,894,A
2011-02-24,1000,A
2011-02-25,423,A
2011-02-26,417,A
2011-02-27,416,A
2011-02-28,412,A
2011-03-01,404,A
2011-03-02,717,A
2011-03-03,391,A
2011-03-04,391,A
2011-03-05,391,A
2011-03-06,396,A
2011-03-07,390,A
2011-03-08,380,A
2011-03-09,423,A
2011-03-10,394,A
2011-03-11,389,A
2011-03-12,379,A
2011-03-13,378,A
2011-03-14,832,A
2011-03-15,2710,A
2011-03-16,2370,A
2011-03-17,2840,A
2011-03-18,2830,A
2011-03-19,375,A
2011-03-20,373,A
2011-03-21,2260,A
2011-03-22,1920,A
2011-03-23,2400,A
2011-03-24,1620,A
2011-03-25,3360,A
2011-03-26,505,A
2011-03-27,392,A
2011-03-28,485,A
2011-03-29,391,A
2011-03-30,395,A
2011-03-31,3960,A
2011-04-01,4110,A
2011-04-02,2650,A
2011-04-03,2850,A
2011-04-04,3980,A
2011-04-05,611,A
2011-04-06,2140,A
2011-04-07,3880,A
2011-04-08,3900,A
2011-04-09,828,A
2011-04-10,709,A
2011-04-11,2740,A
2011-04-12,1160,A
2011-04-13,1030,A
2011-04-14,1030,A
2011-04-15,1190,A
2011-04-16,442,A
2011-04-17,442,A
2011-04-18,3170,A
2011-04-19,4060,A
2011-04-20,4060,A
2011-04-21,4100,A
2011-04-22,4070,A
2011-04-23,538,A
2011-04-24,430,A
2011-04-25,1480,A
2011-04-26,1330,A
2011-04-27,1570,A
2011-04-28,2710,A
2011-04-29,2090,A
2011-04-30,653,A
2011-05-01,1010,A
2011-05-02,2220,A
2011-05-03,1990,A
2011-05-04,3080,A
2011-05-05,3480,A
2011-05-06,3530,A
2011-05-07,439,A
2011-05-08,885,A
2011-05-09,1820,A
2011-05-10,3220,A
2011-05-11,3360,A
2011-05-12,2770,A
2011-05-13,2110,A
2011-05-14,446,A
2011-05-15,442,A
2011-05-16,1210,A
2011-05-17,1280,A
2011-05-18,1190,A
2011-05-19,1870,A
2011-05-20,1770,A
2011-05-21,418,A
2011-05-22,417,A
2011-05-23,1340,A
2011-05-24,1160,A
2011-05-25,1480,A
2011-05-26,1030,A
2011-05-27,1000,A
2011-05-28,403,A
2011-05-29,396,A
2011-05-30,391,A
2011-05-31,1170,A
2011-06-01,1170,A
2011-06-02,1030,A
2011-06-03,847,A
2011-06-04,390,A
2011-06-05,587,A
2011-06-06,1010,A
2011-06-07,1130,A
2011-06-08,1170,A
2011-06-09,919,A
2011-06-10,539,A
2011-06-11,399,A
2011-06-12,402,A
2011-06-13,1020,A
2011-06-14,1020,A
2011-06-15,829,A
2011-06-16,704,A
2011-06-17,1020,A
2011-06-18,404,A
2011-06-19,404,A
2011-06-20,1120,A
2011-06-21,1180,A
2011-06-22,1170,A
2011-06-23,1170,A
2011-06-24,1020,A
2011-06-25,404,A
2011-06-26,404,A
2011-06-27,1180,A
2011-06-28,1180,A
2011-06-29,1360,A
2011-06-30,1170,A
2011-07-01,1050,A
2011-07-02,391,A
2011-07-03,386,A
2011-07-04,557,A
2011-07-05,1410,A
2011-07-06,1280,A
2011-07-07,1350,A
2011-07-08,692,A
2011-07-09,385,A
2011-07-10,386,A
2011-07-11,1330,A
2011-07-12,1330,A
2011-07-13,1220,A
2011-07-14,1280,A
2011-07-15,981,A
2011-07-16,402,A
2011-07-17,391,A
2011-07-18,956,A
2011-07-19,857,A
2011-07-20,1390,A
2011-07-21,1350,A
2011-07-22,1480,A
2011-07-23,374,A
2011-07-24,366,A
2011-07-25,845,A
2011-07-26,841,A
2011-07-27,1660,A
2011-07-28,1170,A
2011-07-29,1340,A
2011-07-30,346,A
2011-07-31,903,A
2011-08-01,1100,A
2011-08-02,1390,A
2011-08-03,1670,A
2011-08-04,1340,A
2011-08-05,1330,A
2011-08-06,338,A
2011-08-07,332,A
2011-08-08,990,A
2011-08-09,1110,A
2011-08-10,854,A
2011-08-11,592,A
2011-08-12,1080,A
2011-08-13,261,A
2011-08-14,261,A
2011-08-15,932,A
2011-08-16,1100,A
2011-08-17,933,A
2011-08-18,927,A
2011-08-19,938,A
2011-08-20,256,A
2011-08-21,253,A
2011-08-22,1120,A
2011-08-23,595,A
2011-08-24,874,A
2011-08-25,595,A
2011-08-26,595,A
2011-08-27,261,A
2011-08-28,261,A
2011-08-29,604,A
2011-08-30,703,A
2011-08-31,598,A
2011-09-01,598,A
2011-09-02,573,A
2011-09-03,250,A
2011-09-04,251,A
2011-09-05,262,A
2011-09-06,261,A
2011-09-07,261,A
2011-09-08,424,A
2011-09-09,606,A
2011-09-10,260,A
2011-09-11,259,A
2011-09-12,447,A
2011-09-13,604,A
2011-09-14,602,A
2011-09-15,701,A
2011-09-16,600,A
2011-09-17,250,A
2011-09-18,250,A
2011-09-19,250,A
2011-09-20,250,A
2011-09-21,962,A
2011-09-22,967,A
2011-09-23,994,A
2011-09-24,255,A
2011-09-25,443,A
2011-09-26,789,A
2011-09-27,841,A
2011-09-28,1220,A
2011-09-29,1070,A
2011-09-30,1220,A
2011-10-01,285,A
2011-10-02,285,A
2011-10-03,545,A
2011-10-04,797,A
2011-10-05,737,A
2011-10-06,1020,A
2011-10-07,800,A
2011-10-08,321,A
2011-10-09,321,A
2011-10-10,669,A
2011-10-11,679,A
2011-10-12,1230,A
2011-10-13,688,A
2011-10-14,693,A
2011-10-15,343,A
2011-10-16,343,A
2011-10-17,699,A
2011-10-18,701,A
2011-10-19,536,A
2011-10-20,653,A
2011-10-21,716,A
2011-10-22,774,A
2011-10-23,391,A
2011-10-24,720,A
2011-10-25,534,A
2011-10-26,538,A
2011-10-27,540,A
2011-10-28,536,A
2011-10-29,404,A
2011-10-30,404,A
2011-10-31,545,A
2011-11-01,513,A
2011-11-02,844,A
2011-11-03,787,A
2011-11-04,695,A
2011-11-05,347,A
2011-11-06,343,A
2011-11-07,506,A
2011-11-08,675,A
2011-11-09,682,A
2011-11-10,695,A
2011-11-11,692,A
2011-11-12,354,A
2011-11-13,354,A
2011-11-14,691,A
2011-11-15,518,A
2011-11-16,524,A
2011-11-17,520,A
2011-11-18,1200,A
2011-11-19,362,A
2011-11-20,366,A
2011-11-21,1710,A
2011-11-22,1390,A
2011-11-23,1400,A
2011-11-24,1360,A
2011-11-25,1400,A
2011-11-26,366,A
2011-11-27,372,A
2011-11-28,1510,A
2011-11-29,1370,A
2011-11-30,694,A
2011-12-01,1320,A
2011-12-02,2100,A
2011-12-03,673,A
2011-12-04,366,A
2011-12-05,2050,A
2011-12-06,3650,A
2011-12-07,3650,A
2011-12-08,3690,A
2011-12-09,4050,A
2011-12-10,3720,A
2011-12-11,3600,A
2011-12-12,3670,A
2011-12-13,3640,A
2011-12-14,3500,A
2011-12-15,3800,A
2011-12-16,473,A
2011-12-17,391,A
2011-12-18,395,A
2011-12-19,571,A
2011-12-20,694,A
2011-12-21,733,A
2011-12-22,1000,A
2011-12-23,403,A
2011-12-24,404,A
2011-12-25,399,A
2011-12-26,730,A
2011-12-27,696,A
2011-12-28,799,A
2011-12-29,1060,A
2011-12-30,2280,A
2011-12-31,392,A
2012-01-01,389,A
2012-01-02,1990,A
2012-01-03,1950,A
2012-01-04,1590,A
2012-01-05,1790,A
2012-01-06,1500,A
2012-01-07,391,A
2012-01-08,391,A
2012-01-09,895,A
2012-01-10,719,A
2012-01-11,519,A
2012-01-12,663,A
2012-01-13,719,A
2012-01-14,373,A
2012-01-15,366,A
2012-01-16,655,A
2012-01-17,651,A
2012-01-18,556,A
2012-01-19,643,A
2012-01-20,951,A
2012-01-21,336,A
2012-01-22,332,A
2012-01-23,924,A
2012-01-24,1950,A
2012-01-25,1060,A
2012-01-26,323,A
2012-01-27,2460,A
2012-01-28,3970,A
2012-01-29,4050,A
2012-01-30,3820,A
2012-01-31,2290,A
2012-02-01,961,A
2012-02-02,798,A
2012-02-03,493,A
2012-02-04,321,A
2012-02-05,321,A
2012-02-06,622,A
2012-02-07,460,A
2012-02-08,616,A
2012-02-09,607,A
2012-02-10,310,A
2012-02-11,310,A
2012-02-12,310,A
2012-02-13,524,A
2012-02-14,587,A
2012-02-15,598,A
2012-02-16,401,A
2012-02-17,310,A
2012-02-18,310,A
2012-02-19,310,A
2012-02-20,869,A
2012-02-21,610,A
2012-02-22,481,A
2012-02-23,921,A
2012-02-24,927,A
2012-02-25,303,A
2012-02-26,310,A
2012-02-27,1080,A
2012-02-28,926,A
2012-02-29,449,A
2012-03-01,768,A
2012-03-02,447,A
2012-03-03,319,A
2012-03-04,320,A
2012-03-05,1090,A
2012-03-06,2880,A
2012-03-07,2570,A
2012-03-08,1700,A
2012-03-09,1720,A
2012-03-10,313,A
2012-03-11,310,A
2012-03-12,2030,A
2012-03-13,2540,A
2012-03-14,2500,A
2012-03-15,2730,A
2012-03-16,1730,A
2012-03-17,317,A
2012-03-18,310,A
2012-03-19,1620,A
2012-03-20,2030,A
2012-03-21,466,A
2012-03-22,559,A
2012-03-23,538,A
2012-03-24,328,A
2012-03-25,332,A
2012-03-26,643,A
2012-03-27,332,A
2012-03-28,332,A
2012-03-29,322,A
2012-03-30,321,A
2012-03-31,321,A
2012-04-01,325,A
2012-04-02,327,A
2012-04-03,319,A
2012-04-04,456,A
2012-04-05,310,A
2012-04-06,310,A
2012-04-07,310,A
2012-04-08,310,A
2012-04-09,447,A
2012-04-10,310,A
2012-04-11,310,A
2012-04-12,310,A
2012-04-13,298,A
2012-04-14,297,A
2012-04-15,298,A
2012-04-16,303,A
2012-04-17,420,A
2012-04-18,302,A
2012-04-19,462,A
2012-04-20,297,A
2012-04-21,297,A
2012-04-22,297,A
2012-04-23,871,A
2012-04-24,1030,A
2012-04-25,882,A
2012-04-26,1050,A
2012-04-27,1040,A
2012-04-28,286,A
2012-04-29,285,A
2012-04-30,285,A
2012-05-01,285,A
2012-05-02,285,A
2012-05-03,1050,A
2012-05-04,1350,A
2012-05-05,285,A
2012-05-06,285,A
2012-05-07,1200,A
2012-05-08,1510,A
2012-05-09,1590,A
2012-05-10,1510,A
2012-05-11,1510,A
2012-05-12,279,A
2012-05-13,286,A
2012-05-14,614,A
2012-05-15,3870,A
2012-05-16,4000,A
2012-05-17,4020,A
2012-05-18,1480,A
2012-05-19,285,A
2012-05-20,285,A
2012-05-21,885,A
2012-05-22,891,A
2012-05-23,1400,A
2012-05-24,1460,A
2012-05-25,1200,A
2012-05-26,285,A
2012-05-27,285,A
2012-05-28,1290,A
2012-05-29,1450,A
2012-05-30,1210,A
2012-05-31,1280,A
2012-06-01,1280,A
2012-06-02,297,A
2012-06-03,297,A
2012-06-04,914,A
2012-06-05,916,A
2012-06-06,916,A
2012-06-07,871,A
2012-06-08,924,A
2012-06-09,309,A
2012-06-10,310,A
2012-06-11,926,A
2012-06-12,612,A
2012-06-13,729,A
2012-06-14,933,A
2012-06-15,770,A
2012-06-16,304,A
2012-06-17,298,A
2012-06-18,609,A
2012-06-19,608,A
2012-06-20,766,A
2012-06-21,610,A
2012-06-22,450,A
2012-06-23,307,A
2012-06-24,387,A
2012-06-25,763,A
2012-06-26,751,A
2012-06-27,297,A
2012-06-28,618,A
2012-06-29,633,A
2012-06-30,297,A
2012-07-01,297,A
2012-07-02,1080,A
2012-07-03,1090,A
2012-07-04,1250,A
2012-07-05,1250,A
2012-07-06,1100,A
2012-07-07,380,A
2012-07-08,928,A
2012-07-09,1260,A
2012-07-10,1100,A
2012-07-11,1280,A
2012-07-12,1260,A
2012-07-13,1220,A
2012-07-14,294,A
2012-07-15,290,A
2012-07-16,927,A
2012-07-17,1260,A
2012-07-18,1260,A
2012-07-19,1270,A
2012-07-20,1560,A
2012-07-21,290,A
2012-07-22,285,A
2012-07-23,925,A
2012-07-24,1270,A
2012-07-25,1160,A
2012-07-26,1100,A
2012-07-27,1090,A
2012-07-28,273,A
2012-07-29,272,A
2012-07-30,1270,A
2012-07-31,1270,A
2012-08-01,1040,A
2012-08-02,591,A
2012-08-03,454,A
2012-08-04,448,A
2012-08-05,263,A
2012-08-06,955,A
2012-08-07,931,A
2012-08-08,761,A
2012-08-09,854,A
2012-08-10,933,A
2012-08-11,261,A
2012-08-12,256,A
2012-08-13,580,A
2012-08-14,743,A
2012-08-15,887,A
2012-08-16,949,A
2012-08-17,936,A
2012-08-18,369,A
2012-08-19,310,A
2012-08-20,427,A
2012-08-21,714,A
2012-08-22,922,A
2012-08-23,920,A
2012-08-24,563,A
2012-08-25,233,A
2012-08-26,229,A
2012-08-27,407,A
2012-08-28,569,A
2012-08-29,563,A
2012-08-30,566,A
2012-08-31,391,A
2012-09-01,229,A
2012-09-02,229,A
2012-09-03,568,A
2012-09-04,572,A
2012-09-05,570,A
2012-09-06,570,A
2012-09-07,482,A
2012-09-08,229,A
2012-09-09,229,A
2012-09-10,408,A
2012-09-11,388,A
2012-09-12,392,A
2012-09-13,389,A
2012-09-14,389,A
2012-09-15,567,A
2012-09-16,229,A
2012-09-17,742,A
2012-09-18,766,A
2012-09-19,462,A
2012-09-20,791,A
2012-09-21,789,A
2012-09-22,786,A
2012-09-23,275,A
2012-09-24,789,A
2012-09-25,793,A
2012-09-26,709,A
2012-09-27,822,A
2012-09-28,441,A
2012-09-29,771,A
2012-09-30,285,A
2012-10-01,285,A
2012-10-02,601,A
2012-10-03,617,A
2012-10-04,1320,A
2012-10-05,762,A
2012-10-06,801,A
2012-10-07,285,A
2012-10-08,444,A
2012-10-09,1130,A
2012-10-10,805,A
2012-10-11,966,A
2012-10-12,875,A
2012-10-13,630,A
2012-10-14,288,A
2012-10-15,1680,A
2012-10-16,983,A
2012-10-17,972,A
2012-10-18,976,A
2012-10-19,817,A
2012-10-20,449,A
2012-10-21,297,A
2012-10-22,1690,A
2012-10-23,1160,A
2012-10-24,1700,A
2012-10-25,1010,A
2012-10-26,988,A
2012-10-27,310,A
2012-10-28,465,A
2012-10-29,1300,A
2012-10-30,1240,A
2012-10-31,973,A
2012-11-01,1390,A
2012-11-02,909,A
2012-11-03,310,A
2012-11-04,312,A
2012-11-05,979,A
2012-11-06,1100,A
2012-11-07,1190,A
2012-11-08,1190,A
2012-11-09,1010,A
2012-11-10,321,A
2012-11-11,321,A
2012-11-12,980,A
2012-11-13,823,A
2012-11-14,1040,A
2012-11-15,1200,A
2012-11-16,1140,A
2012-11-17,327,A
2012-11-18,330,A
2012-11-19,1000,A
2012-11-20,1170,A
2012-11-21,1180,A
2012-11-22,1060,A
2012-11-23,1050,A
2012-11-24,343,A
2012-11-25,951,A
2012-11-26,1610,A
2012-11-27,973,A
2012-11-28,1080,A
2012-11-29,1200,A
2012-11-30,1160,A
2012-12-01,354,A
2012-12-02,359,A
2012-12-03,1010,A
2012-12-04,1210,A
2012-12-05,1170,A
2012-12-06,1270,A
2012-12-07,1050,A
2012-12-08,374,A
2012-12-09,377,A
2012-12-10,864,A
2012-12-11,706,A
2012-12-12,703,A
2012-12-13,872,A
2012-12-14,875,A
2012-12-15,391,A
2012-12-16,391,A
2012-12-17,714,A
2012-12-18,716,A
2012-12-19,883,A
2012-12-20,884,A
2012-12-21,857,A
2012-12-22,1970,A
2012-12-23,1730,A
2012-12-24,1700,A
2012-12-25,1720,A
2012-12-26,996,A
2012-12-27,422,A
2012-12-28,706,A
2012-12-29,416,A
2012-12-30,631,A
2012-12-31,3360,A
2013-01-01,3370,A
2013-01-02,3390,A
2013-01-03,4060,A
2013-01-04,4520,A
2013-01-05,4620,A
2013-01-06,4660,A
2013-01-07,1330,A
2013-01-08,1390,A
2013-01-09,1380,A
2013-01-10,1380,A
2013-01-11,1140,A
2013-01-12,921,A
2013-01-13,921,A
2013-01-14,934,A
2013-01-15,940,A
2013-01-16,589,A
2013-01-17,377,A
2013-01-18,2810,A
2013-01-19,5300,A
2013-01-20,5290,A
2013-01-21,5290,A
2013-01-22,3720,A
2013-01-23,2030,A
2013-01-24,1070,A
2013-01-25,901,A
2013-01-26,902,A
2013-01-27,902,A
2013-01-28,580,A
2013-01-29,391,A
2013-01-30,432,A
2013-01-31,3380,A
2013-02-01,6570,A
2013-02-02,6530,A
2013-02-03,6520,A
2013-02-04,5440,A
2013-02-05,2490,A
2013-02-06,2030,A
2013-02-07,1800,A
2013-02-08,1830,A
2013-02-09,1570,A
2013-02-10,2130,A
2013-02-11,2210,A
2013-02-12,1850,A
2013-02-13,2050,A
2013-02-14,4390,A
2013-02-15,4380,A
2013-02-16,1550,A
2013-02-17,2160,A
2013-02-18,2030,A
2013-02-19,1880,A
2013-02-20,1240,A
2013-02-21,1050,A
2013-02-22,656,A
2013-02-23,416,A
2013-02-24,404,A
2013-02-25,1170,A
2013-02-26,2210,A
2013-02-27,1790,A
2013-02-28,2360,A
2013-03-01,3710,A
2013-03-02,2520,A
2013-03-03,2470,A
2013-03-04,2620,A
2013-03-05,2830,A
2013-03-06,2630,A
2013-03-07,2660,A
2013-03-08,1430,A
2013-03-09,400,A
2013-03-10,400,A
2013-03-11,1700,A
2013-03-12,1400,A
2013-03-13,1340,A
2013-03-14,1030,A
2013-03-15,1020,A
2013-03-16,403,A
2013-03-17,404,A
2013-03-18,704,A
2013-03-19,720,A
2013-03-20,1260,A
2013-03-21,1720,A
2013-03-22,1630,A
2013-03-23,406,A
2013-03-24,425,A
2013-03-25,1540,A
2013-03-26,4060,A
2013-03-27,2230,A
2013-03-28,1980,A
2013-03-29,3890,A
2013-03-30,684,A
2013-03-31,416,A
2013-04-01,1230,A
2013-04-02,4050,A
2013-04-03,4180,A
2013-04-04,2510,A
2013-04-05,2440,A
2013-04-06,689,A
2013-04-07,417,A
2013-04-08,2310,A
2013-04-09,3050,A
2013-04-10,2060,A
2013-04-11,1960,A
2013-04-12,2000,A
2013-04-13,4170,A
2013-04-14,4180,A
2013-04-15,4190,A
2013-04-16,4170,A
2013-04-17,4180,A
2013-04-18,2270,A
2013-04-19,2070,A
2013-04-20,431,A
2013-04-21,431,A
2013-04-22,2430,A
2013-04-23,2750,A
2013-04-24,2720,A
2013-04-25,1560,A
2013-04-26,1780,A
2013-04-27,433,A
2013-04-28,445,A
2013-04-29,1590,A
2013-04-30,3450,A
2013-05-01,6440,A
2013-05-02,6740,A
2013-05-03,5020,A
2013-05-04,711,A
2013-05-05,474,A
2013-05-06,442,A
2013-05-07,3110,A
2013-05-08,6750,A
2013-05-09,6730,A
2013-05-10,6680,A
2013-05-11,6640,A
2013-05-12,6600,A
2013-05-13,6550,A
2013-05-14,6500,A
2013-05-15,6420,A
2013-05-16,6450,A
2013-05-17,5700,A
2013-05-18,692,A
2013-05-19,3760,A
2013-05-20,5610,A
2013-05-21,8120,A
2013-05-22,9030,A
2013-05-23,9180,A
2013-05-24,7410,A
2013-05-25,4150,A
2013-05-26,4160,A
2013-05-27,4180,A
2013-05-28,2580,A
2013-05-29,1250,A
2013-05-30,1850,A
2013-05-31,1790,A
2013-06-01,399,A
2013-06-02,405,A
2013-06-03,1680,A
2013-06-04,3590,A
2013-06-05,4240,A
2013-06-06,3070,A
2013-06-07,2350,A
2013-06-08,683,A
2013-06-09,403,A
2013-06-10,2630,A
2013-06-11,2760,A
2013-06-12,3860,A
2013-06-13,4210,A
2013-06-14,2920,A
2013-06-15,392,A
2013-06-16,392,A
2013-06-17,2500,A
2013-06-18,4250,A
2013-06-19,5710,A
2013-06-20,6050,A
2013-06-21,4240,A
2013-06-22,2070,A
2013-06-23,1800,A
2013-06-24,2650,A
2013-06-25,1980,A
2013-06-26,1500,A
2013-06-27,1840,A
2013-06-28,1480,A
2013-06-29,382,A
2013-06-30,378,A
2013-07-01,1410,A
2013-07-02,3280,A
2013-07-03,3020,A
2013-07-04,2140,A
2013-07-05,4240,A
2013-07-06,4270,A
2013-07-07,4730,A
2013-07-08,6430,A
2013-07-09,8100,A
2013-07-10,7990,A
2013-07-11,6780,A
2013-07-12,4240,A
2013-07-13,4250,A
2013-07-14,4260,A
2013-07-15,2920,A
2013-07-16,2330,A
2013-07-17,1680,A
2013-07-18,1680,A
2013-07-19,1150,A
2013-07-20,386,A
2013-07-21,367,A
2013-07-22,2690,A
2013-07-23,4300,A
2013-07-24,4290,A
2013-07-25,4280,A
2013-07-26,4290,A
2013-07-27,643,A
2013-07-28,338,A
2013-07-29,1360,A
2013-07-30,1610,A
2013-07-31,1450,A
2013-08-01,1340,A
2013-08-02,1750,A
2013-08-03,3920,A
2013-08-04,578,A
2013-08-05,3930,A
2013-08-06,4220,A
2013-08-07,2020,A
2013-08-08,5950,A
2013-08-09,8360,A
2013-08-10,6250,A
2013-08-11,4180,A
2013-08-12,3840,A
2013-08-13,3570,A
2013-08-14,4180,A
2013-08-15,4190,A
2013-08-16,1220,A
2013-08-17,297,A
2013-08-18,297,A
2013-08-19,2410,A
2013-08-20,3890,A
2013-08-21,4180,A
2013-08-22,4190,A
2013-08-23,4190,A
2013-08-24,592,A
2013-08-25,302,A
2013-08-26,3910,A
2013-08-27,3010,A
2013-08-28,2020,A
2013-08-29,1590,A
2013-08-30,1660,A
2013-08-31,310,A
2013-09-01,307,A
2013-09-02,1630,A
2013-09-03,2230,A
2013-09-04,2720,A
2013-09-05,1730,A
2013-09-06,1360,A
2013-09-07,297,A
2013-09-08,297,A
2013-09-09,940,A
2013-09-10,1370,A
2013-09-11,1340,A
2013-09-12,1370,A
2013-09-13,1360,A
2013-09-14,297,A
2013-09-15,296,A
2013-09-16,1590,A
2013-09-17,1550,A
2013-09-18,1260,A
2013-09-19,1350,A
2013-09-20,1350,A
2013-09-21,286,A
2013-09-22,285,A
2013-09-23,1130,A
2013-09-24,2550,A
2013-09-25,2870,A
2013-09-26,1550,A
2013-09-27,474,A
2013-09-28,278,A
2013-09-29,278,A
2013-09-30,1660,A
2013-10-01,2460,A
2013-10-02,2330,A
2013-10-03,2280,A
2013-10-04,2660,A
2013-10-05,2580,A
2013-10-06,2730,A
2013-10-07,2460,A
2013-10-08,2570,A
2013-10-09,4270,A
2013-10-10,4260,A
2013-10-11,4300,A
2013-10-12,604,A
2013-10-13,301,A
2013-10-14,2480,A
2013-10-15,2870,A
2013-10-16,2610,A
2013-10-17,2590,A
2013-10-18,2590,A
2013-10-19,312,A
2013-10-20,310,A
2013-10-21,2150,A
2013-10-22,4250,A
2013-10-23,4350,A
2013-10-24,4360,A
2013-10-25,3670,A
2013-10-26,391,A
2013-10-27,391,A
2013-10-28,2530,A
2013-10-29,4070,A
2013-10-30,4470,A
2013-10-31,4590,A
2013-11-01,4590,A
2013-11-02,658,A
2013-11-03,337,A
2013-11-04,1360,A
2013-11-05,1370,A
2013-11-06,2090,A
2013-11-07,1340,A
2013-11-08,1060,A
2013-11-09,331,A
2013-11-10,331,A
2013-11-11,1970,A
2013-11-12,1940,A
2013-11-13,2580,A
2013-11-14,985,A
2013-11-15,1400,A
2013-11-16,1400,A
2013-11-17,1400,A
2013-11-18,1390,A
2013-11-19,1490,A
2013-11-20,1580,A
2013-11-21,1590,A
2013-11-22,1630,A
2013-11-23,1660,A
2013-11-24,1660,A
2013-11-25,1680,A
2013-11-26,2290,A
2013-11-27,2670,A
2013-11-28,4580,A
2013-11-29,4560,A
2013-11-30,4560,A
2013-12-01,4590,A
2013-12-02,4580,A
2013-12-03,4640,A
2013-12-04,4690,A
2013-12-05,4690,A
2013-12-06,4680,A
2013-12-07,4680,A
2013-12-08,4660,A
2013-12-09,4720,A
2013-12-10,754,A
2013-12-11,5400,A
2013-12-12,6790,A
2013-12-13,6060,A
2013-12-14,4680,A
2013-12-15,4670,A
2013-12-16,4660,A
2013-12-17,5620,A
2013-12-18,6880,A
2013-12-19,5150,A
2013-12-20,4510,A
2013-12-21,674,A
2013-12-22,436,A
2013-12-23,398,A
2013-12-24,3810,A
2013-12-25,8330,A
2013-12-26,8410,A
2013-12-27,6860,A
2013-12-28,642,A
2013-12-29,2600,A
2013-12-30,5740,A
2013-12-31,8750,A
2014-01-01,8830,A
2014-01-02,8840,A
2014-01-03,7340,A
2014-01-04,4410,A
2014-01-05,660,A
2014-01-06,2830,A
2014-01-07,2690,A
2014-01-08,3350,A
2014-01-09,2920,A
2014-01-10,2870,A
2014-01-11,384,A
2014-01-12,735,A
2014-01-13,2750,A
2014-01-14,3970,A
2014-01-15,4230,A
2014-01-16,4230,A
2014-01-17,4250,A
2014-01-18,1130,A
2014-01-19,830,A
2014-01-20,3930,A
2014-01-21,2480,A
2014-01-22,4250,A
2014-01-23,3430,A
2014-01-24,2740,A
2014-01-25,1220,A
2014-01-26,366,A
2014-01-27,2790,A
2014-01-28,2170,A
2014-01-29,3110,A
2014-01-30,2460,A
2014-01-31,2280,A
2014-02-01,365,A
2014-02-02,354,A
2014-02-03,1750,A
2014-02-04,1840,A
2014-02-05,1980,A
2014-02-06,1890,A
2014-02-07,3760,A
2014-02-08,664,A
2014-02-09,354,A
2014-02-10,2890,A
2014-02-11,2930,A
2014-02-12,2300,A
2014-02-13,2580,A
2014-02-14,2170,A
2014-02-15,492,A
2014-02-16,704,A
2014-02-17,2240,A
2014-02-18,2330,A
2014-02-19,2110,A
2014-02-20,4360,A
2014-02-21,4410,A
2014-02-22,655,A
2014-02-23,344,A
2014-02-24,2510,A
2014-02-25,2200,A
2014-02-26,2530,A
2014-02-27,3140,A
2014-02-28,1680,A
2014-03-01,343,A
2014-03-02,343,A
2014-03-03,1540,A
2014-03-04,2110,A
2014-03-05,1780,A
2014-03-06,1560,A
2014-03-07,1130,A
2014-03-08,343,A
2014-03-09,343,A
2014-03-10,965,A
2014-03-11,932,A
2014-03-12,983,A
2014-03-13,1600,A
2014-03-14,1480,A
2014-03-15,335,A
2014-03-16,343,A
2014-03-17,1620,A
2014-03-18,1730,A
2014-03-19,3940,A
2014-03-20,4240,A
2014-03-21,4260,A
2014-03-22,628,A
2014-03-23,343,A
2014-03-24,2610,A
2014-03-25,2790,A
2014-03-26,2790,A
2014-03-27,2600,A
2014-03-28,1360,A
2014-03-29,343,A
2014-03-30,343,A
2014-03-31,1600,A
2014-04-01,1350,A
2014-04-02,1330,A
2014-04-03,1140,A
2014-04-04,1300,A
2014-04-05,344,A
2014-04-06,343,A
2014-04-07,1490,A
2014-04-08,666,A
2014-04-09,4790,A
2014-04-10,7550,A
2014-04-11,6780,A
2014-04-12,5970,A
2014-04-13,5910,A
2014-04-14,4910,A
2014-04-15,4170,A
2014-04-16,2430,A
2014-04-17,2670,A
2014-04-18,4110,A
2014-04-19,632,A
2014-04-20,2260,A
2014-04-21,4120,A
2014-04-22,4130,A
2014-04-23,4140,A
2014-04-24,4140,A
2014-04-25,4150,A
2014-04-26,4150,A
2014-04-27,4160,A
2014-04-28,655,A
2014-04-29,360,A
2014-04-30,2430,A
2014-05-01,1600,A
2014-05-02,393,A
2014-05-03,396,A
2014-05-04,399,A
2014-05-05,405,A
2014-05-06,1130,A
2014-05-07,2170,A
2014-05-08,2850,A
2014-05-09,2960,A
2014-05-10,406,A
2014-05-11,415,A
2014-05-12,1530,A
2014-05-13,2830,A
2014-05-14,2420,A
2014-05-15,2020,A
2014-05-16,1860,A
2014-05-17,1670,A
2014-05-18,4090,A
2014-05-19,2390,A
2014-05-20,3100,A
2014-05-21,2690,A
2014-05-22,2010,A
2014-05-23,1620,A
2014-05-24,1630,A
2014-05-25,1630,A
2014-05-26,1630,A
2014-05-27,1630,A
2014-05-28,1420,A
2014-05-29,1280,A
2014-05-30,1290,A
2014-05-31,1300,A
2014-06-01,1310,A
2014-06-02,1330,A
2014-06-03,1880,A
2014-06-04,2330,A
2014-06-05,2110,A
2014-06-06,1580,A
2014-06-07,1540,A
2014-06-08,1550,A
2014-06-09,1570,A
2014-06-10,1580,A
2014-06-11,1600,A
2014-06-12,1600,A
2014-06-13,1600,A
2014-06-14,1600,A
2014-06-15,1620,A
2014-06-16,1620,A
2014-06-17,1620,A
2014-06-18,1620,A
2014-06-19,1620,A
2014-06-20,1240,A
2014-06-21,845,A
2014-06-22,845,A
2014-06-23,1060,A
2014-06-24,1200,A
2014-06-25,1180,A
2014-06-26,1180,A
2014-06-27,1430,A
2014-06-28,1600,A
2014-06-29,1600,A
2014-06-30,1600,A
2014-07-01,1600,A
2014-07-02,1600,A
2014-07-03,1600,A
2014-07-04,1580,A
2014-07-05,1570,A
2014-07-06,1570,A
2014-07-07,1190,A
2014-07-08,849,A
2014-07-09,756,A
2014-07-10,1030,A
2014-07-11,1040,A
2014-07-12,921,A
2014-07-13,911,A
2014-07-14,901,A
2014-07-15,884,A
2014-07-16,873,A
2014-07-17,863,A
2014-07-18,852,A
2014-07-19,844,A
2014-07-20,834,A
2014-07-21,859,A
2014-07-22,960,A
2014-07-23,1000,A
2014-07-24,1000,A
2014-07-25,1000,A
2014-07-26,990,A
2014-07-27,983,A
2014-07-28,982,A
2014-07-29,982,A
2014-07-30,982,A
2014-07-31,982,A
2014-08-01,980,A
2014-08-02,969,A
2014-08-03,961,A
2014-08-04,961,A
2014-08-05,959,A
2014-08-06,948,A
2014-08-07,942,A
2014-08-08,687,A
2014-08-09,501,A
2014-08-10,497,A
2014-08-11,490,A
2014-08-12,490,A
2014-08-13,487,A
2014-08-14,642,A
2014-08-15,756,A
2014-08-16,756,A
2014-08-17,756,A
2014-08-18,756,A
2014-08-19,571,A
2014-08-20,430,A
2014-08-21,430,A
2014-08-22,428,A
2014-08-23,417,A
2014-08-24,417,A
2014-08-25,417,A
2014-08-26,417,A
2014-08-27,417,A
2014-08-28,415,A
2014-08-29,413,A
2014-08-30,415,A
2014-08-31,417,A
2014-09-01,415,A
2014-09-02,413,A
2014-09-03,417,A
2014-09-04,667,A
2014-09-05,407,A
2014-09-06,405,A
2014-09-07,407,A
2014-09-08,404,A
2014-09-09,678,A
2014-09-10,921,A
2014-09-11,971,A
2014-09-12,1000,A
2014-09-13,1000,A
2014-09-14,1000,A
2014-09-15,1000,A
2014-09-16,1000,A
2014-09-17,1000,A
2014-09-18,1000,A
2014-09-19,1000,A
2014-09-20,1000,A
2014-09-21,1000,A
2014-09-22,1000,A
2014-09-23,1000,A
2014-09-24,1000,A
2014-09-25,1000,A
2014-09-26,1000,A
2014-09-27,1000,A
2014-09-28,1000,A
2014-09-29,1000,A
2014-09-30,1000,A
2014-10-01,1000,A
2014-10-02,1000,A
2014-10-03,1000,A
2014-10-04,1000,A
2014-10-05,1000,A
2014-10-06,1000,A
2014-10-07,1000,A
2014-10-08,1000,A
2014-10-09,1000,A
2014-10-10,1000,A
2014-10-11,1000,A
2014-10-12,1000,A
2014-10-13,1000,A
2014-10-14,980,A
2014-10-15,1650,A
2014-10-16,2340,A
2014-10-17,2320,A
2014-10-18,2310,A
2014-10-19,2290,A
2014-10-20,2280,A
2014-10-21,2270,A
2014-10-22,2260,A
2014-10-23,2260,A
2014-10-24,2240,A
2014-10-25,2240,A
2014-10-26,2230,A
2014-10-27,2220,A
2014-10-28,2220,A
2014-10-29,2220,A
2014-10-30,2220,A
2014-10-31,2180,A
2014-11-01,2170,A
2014-11-02,2160,A
2014-11-03,2150,A
2014-11-04,2150,A
2014-11-05,2150,A
2014-11-06,2150,A
2014-11-07,2150,A
2014-11-08,2150,A
2014-11-09,2150,A
2014-11-10,2150,A
2014-11-11,2150,A
2014-11-12,1460,A
2014-11-13,921,A
2014-11-14,921,A
2014-11-15,922,A
2014-11-16,930,A
2014-11-17,1250,A
2014-11-18,1540,A
2014-11-19,1540,A
2014-11-20,1550,A
2014-11-21,1550,A
2014-11-22,1540,A
2014-11-23,1560,A
2014-11-24,1960,A
2014-11-25,2420,A
2014-11-26,2430,A
2014-11-27,2420,A
2014-11-28,2420,A
2014-11-29,2400,A
2014-11-30,2400,A
2014-12-01,2390,A
2014-12-02,2390,A
2014-12-03,2390,A
2014-12-04,2390,A
2014-12-05,2380,A
2014-12-06,2380,A
2014-12-07,2390,A
2014-12-08,2380,A
2014-12-09,2390,A
2014-12-10,2470,A
2014-12-11,2470,A
2014-12-12,2470,A
2014-12-13,2470,A
2014-12-14,2460,A
2014-12-15,1860,A
2014-12-16,1180,A
2014-12-17,1180,A
2014-12-18,1180,A
2014-12-19,1180,A
2014-12-20,1180,A
2014-12-21,1180,A
2014-12-22,1180,A
2014-12-23,1190,A
2014-12-24,1200,A
2014-12-25,1200,A
2014-12-26,1200,A
2014-12-27,1200,A
2014-12-28,1210,A
2014-12-29,2120,A
2014-12-30,2950,A
2014-12-31,2940,A
